city,region
Agra,Other cities
Ahmedabad,Other cities
Allahabad,Other cities
Amritsar,Other cities
Aurangabad,Other cities
Bangalore,Other cities
Bhopal,Other cities
Bhubaneshwar,Other cities
Chandigarh,Other cities
Chennai,Other cities
Coimbatore,Other cities
Dehradun,Other cities
Faridabad,Delhi NCR
Ghaziabad,Delhi NCR
Goa,Other cities
Gurgaon,Delhi NCR
Guwahati,Other cities
Hyderabad,Other cities
Indore,Other cities
Jaipur,Other cities
Kanpur,Other cities
Kochi,Other cities
Kolkata,Other cities
Lucknow,Other cities
Ludhiana,Other cities
Mangalore,Other cities
Mumbai,Other cities
Mysore,Other cities
Nagpur,Other cities
Nashik,Other cities
New Delhi,Delhi NCR
Noida,Delhi NCR
Patna,Other cities
Puducherry,Other cities
Pune,Other cities
Ranchi,Other cities
Surat,Other cities
Vadodara,Other cities
Varanasi,Other cities
Vizag,Other cities
